<?xml version="1.0" encoding="utf-8"?>
<extension version="2.5" type="plugin" group="system" method="upgrade">	
	<name>System - Autologin</name>
	<author>Andrea Parmeggiani</author>
	<creationDate>01 August 2013</creationDate>
	<copyright>(C) 2013 Andrea Parmeggiani</copyright>
	<license>GNU/GPL</license>
	<authorEmail>info@textarea.it</authorEmail>
	<authorUrl>http://www.textarea.it/</authorUrl>
	<description>Autologin allows to auto login a user by only passing username and password thru request variables (user and passw)</description>
	<version>2.5.2</version>
	<files>
		<filename plugin="autologin">autologin.php</filename>
	</files>
	<config>
	<fields name="params">
		<fieldset name="basic">
			<field name="urlredirect" type="text" default="" label="Url redirect after login" description="If you want to hide login and passw url params redirect user after login, for example: index.php. Leave blank for no redirection"/>
			<field name="authmethod" type="radio" default="1" label="Passwords are sent plaintext or encrypted " description="">
				<option value="0">Plain</option>
				<option value="1">Encrypted</option>
			</field>
		</fieldset>
	</fields>
	</config>
</extension>
